date,type,result,note,ref
2026-09-27,evaluation,done,ZCode V4 transport is a candidate Pi GUI seam,ZCode@29628c9
2026-09-27,evaluation,done,Grok TUI is coupled to Grok Shell; excluded from Pi GUI direction,grok-build@f0e3be1
2026-09-27,probe,pass,Pi RPC read-only turn streamed text and tool events,pi-rpc-smoke.mjs
2026-09-27,probe,pass,Pi normal and aborted turns reached ZCode SessionDataLayer via mock transport,pi-v4-smoke.mjs
2026-09-27,dependencies,done,Filtered dependencies installed without scripts; Node 24.11.1 differs from required 24.14.0,mise.toml
2026-09-27,cleanup,done,Removed clean local grok-build clone,workspace
2026-09-27,docs,done,Created root docs for plan and lightweight status/history,docs/
2026-09-27,docs,done,Replaced verbose markdown progress and history with compact CSV,docs/
2026-09-27,git,done,Created public GitHub fork and bound local origin to fork; upstream to source,Wha1eChai/ZCode@29628c9
2026-09-27,git,done,Moved docs and smoke probes into fork; upstream push URL disabled locally,docs/pi-integration/
2026-09-27,check,partial,Architecture OK and lint exit 0 with 70 warnings; typecheck exit 2 after filtered install,pnpm typecheck
2026-09-27,audit,static,ZCode startup is not an inert shell; Pi plugin and authority boundaries need runtime checks,docs/pi-integration/AUDIT.md
2026-09-27,probe,pass,Pi-only loopback browser entry read-only prompt and stop observed; not ZCode Desktop,scripts/pi-integration/pi-gui-check.mjs
2026-09-27,observation,partial,Idle GUI host and Pi child observed with no established TCP at sample; model turn network not captured,docs/pi-integration/ISOLATED-GUI.md
2026-09-27,plan,proposed,Next round compares ZCode timeline leaves and Pi-owned UI without starting ZCode Host,docs/pi-integration/NEXT-ROUND-PLAN.md
2026-09-27,course-correction,done,Discarded uncommitted mjs-served timeline experiment; plan now targets ZCode TS/TSX entrypoint,docs/pi-integration/NEXT-ROUND-PLAN.md
2026-09-27,implementation,verified,Pi-only TS host and React/Vite client reuse ZCode ConversationTimeline with no ZCode service shims,packages/pi-ui/
2026-09-27,browser,pass,Real Pi read-tool answer and abort; scoped icon 200; unscoped 404; 390px no overflow,docs/pi-integration/TS-SLICE.md
2026-09-27,check,pass,Root typecheck and lint exit 0 with 70 warnings; architecture and targeted tests pass; 29.7 MB build,docs/pi-integration/TS-SLICE.md
